id,product
1,Wine - Maipo Valle Cabernet
2,"Wine - White, Lindemans Bin 95"
3,Wine - Zinfandel Rosenblum
4,Beef - Top Butt Aaa
5,Ham - Proscuitto
6,Wine - Barossa Valley Estate
7,Wine - Magnotta - Cab Franc
8,"Split Peas - Yellow, Dry"
9,Wine - Delicato Merlot
10,"Seedlings - Mix, Organic"
11,Pasta - Orecchiette
12,Cup Translucent 9 Oz
13,Mustard - Dijon
14,Pate Pans Yellow
15,Bag Clear 10 Lb
16,"Pork - Bacon,back Peameal"
17,Lychee
18,Horseradish - Prepared
19,"Onions - Dried, Chopped"
20,Cod - Fillets
21,Appetizer - Veg Assortment
22,Chickhen - Chicken Phyllo
23,Breadfruit
24,Lemon Tarts
25,Cake - Bande Of Fruit
26,Nestea - Iced Tea
27,"Soup - Campbells, Beef Barley"
28,Flour - Strong Pizza
29,"Tart Shells - Savory, 4"
30,Sour Cream
31,Island Oasis - Peach Daiquiri
32,"Zucchini - Mini, Green"
33,"Stock - Beef, Brown"
34,Extract - Raspberry
35,Wine - Rhine Riesling Wolf Blass
36,Flower - Carnations
37,Muffin Carrot - Individual
38,Cake - Cheese Cake 9 Inch
39,Mushroom - Portebello
40,Sprite - 355 Ml
41,White Fish - Filets
42,Clam - Cherrystone
43,Eggs - Extra Large
44,Squash - Pepper
45,Bag - Regular Kraft 20 Lb
46,Liqueur - Melon
47,Olives - Nicoise
48,Veal - Heart
49,"Vodka - Lemon, Absolut"
50,"Fish - Scallops, Cold Smoked"
51,"Fish - Halibut, Cold Smoked"
52,Gelatine Powder
53,Muffin Mix - Raisin Bran
54,Muffin Batt - Carrot Spice
55,Beef - Bresaola
56,Bandage - Flexible Neon
57,Sproutsmustard Cress
58,"Plate - Foam, Bread And Butter"
59,Cheese - Cambozola
60,Juice - Cranberry 284ml
61,Red Pepper Paste
62,Lobak
63,Cookies - Assorted
64,"Vermacelli - Sprinkles, Assorted"
65,Bacardi Raspberry
66,Tequila Rose Cream Liquor
67,"Octopus - Baby, Cleaned"
68,Pepper - Gypsy Pepper
69,Cleaner - Lime Away
70,"Cheese - Brie, Triple Creme"
71,Extract - Lemon
72,Green Tea Refresher
73,Wine - Delicato Merlot
74,"Turnip - White, Organic"
75,"Corn - Cream, Canned"
76,Rice Wine - Aji Mirin
77,Chicken - Leg / Back Attach
78,Beef Striploin Aaa
79,Lettuce - Escarole
80,Coffee - Decafenated
81,Cape Capensis - Fillet
82,Ham - Procutinni
83,"Turkey - Breast, Smoked"
84,Juice - Happy Planet
85,Veal - Bones
86,Fish - Bones
87,Pancetta
88,"Pasta - Elbows, Macaroni, Dry"
89,Ecolab - Ster Bac
90,Sambuca - Ramazzotti
91,"Tortillas - Flour, 12"
92,Table Cloth 120 Round White
93,Fudge - Cream Fudge
94,"Wine - Red, Cooking"
95,Thyme - Dried
96,Scotch - Queen Anne
97,Container - Clear 16 Oz
98,Cheese Cloth
99,Lamb - Rack
100,Lamb Tenderloin Nz Fr
